season,game_id,game_date,home_team,away_team,home_score,away_score,label,is_playoff,elo_diff,win_pct_diff,gpg_diff,gapg_diff,pt_pct_diff,series_game_num,series_deficit,is_elimination_game
2017,2016030111,2017-04-12,,,0,2,0,1,0.0,0.0,0.0,0.0,0.0,1,0,0
2017,2016030121,2017-04-12,,,1,2,0,1,0.0,0.0,0.0,0.0,0.0,3,0,0
2017,2016030141,2017-04-12,,,3,1,1,1,0.0,0.0,0.0,0.0,0.0,5,0,0
2017,2016030161,2017-04-12,,,1,2,0,1,0.0,0.0,0.0,0.0,0.0,7,0,1
2017,2016030181,2017-04-12,,,2,3,0,1,0.0,0.0,0.0,0.0,0.0,9,0,0
2017,2016030131,2017-04-13,,,3,2,1,1,0.0,0.0,0.0,0.0,0.0,11,0,0
2017,2016030151,2017-04-13,,,0,1,0,1,0.0,0.0,0.0,0.0,0.0,13,0,0
2017,2016030171,2017-04-13,,,3,2,1,1,0.0,0.0,0.0,0.0,0.0,15,0,0
2017,2016030112,2017-04-14,,,4,3,1,1,0.0,0.0,0.0,0.0,0.0,17,0,0
2017,2016030142,2017-04-14,,,4,1,1,1,0.0,0.0,0.0,0.0,0.0,19,0,0
2017,2016030162,2017-04-14,,,1,2,0,1,0.0,0.0,0.0,0.0,0.0,21,0,0
2017,2016030182,2017-04-14,,,2,0,1,1,0.0,0.0,0.0,0.0,0.0,23,0,0
2017,2016030122,2017-04-15,,,4,3,1,1,0.0,0.0,0.0,0.0,0.0,25,0,0
2017,2016030132,2017-04-15,,,3,4,0,1,0.0,0.0,0.0,0.0,0.0,27,0,0
2017,2016030152,2017-04-15,,,0,5,0,1,0.0,0.0,0.0,0.0,0.0,29,0,0
2017,2016030172,2017-04-15,,,3,2,1,1,0.0,0.0,0.0,0.0,0.0,31,0,0
2017,2016030113,2017-04-16,,,1,3,0,1,0.0,0.0,0.0,0.0,0.0,33,0,0
2017,2016030143,2017-04-16,,,4,5,0,1,0.0,0.0,0.0,0.0,0.0,35,0,0
2017,2016030163,2017-04-16,,,3,1,1,1,0.0,0.0,0.0,0.0,0.0,37,0,0
2017,2016030183,2017-04-16,,,0,1,0,1,0.0,0.0,0.0,0.0,0.0,39,0,0
2017,2016030123,2017-04-17,,,3,4,0,1,0.0,0.0,0.0,0.0,0.0,41,0,0
2017,2016030133,2017-04-17,,,4,3,1,1,0.0,0.0,0.0,0.0,0.0,43,0,0
2017,2016030153,2017-04-17,,,3,2,1,1,0.0,0.0,0.0,0.0,0.0,45,0,0
2017,2016030173,2017-04-17,,,4,5,0,1,0.0,0.0,0.0,0.0,0.0,47,0,0
2017,2016030114,2017-04-18,,,2,1,1,1,0.0,0.0,0.0,0.0,0.0,49,0,0
2017,2016030144,2017-04-18,,,5,4,1,1,0.0,0.0,0.0,0.0,0.0,51,0,0
2017,2016030184,2017-04-18,,,7,0,1,1,0.0,0.0,0.0,0.0,0.0,53,0,0
2017,2016030124,2017-04-19,,,0,1,0,1,0.0,0.0,0.0,0.0,0.0,55,0,0
2017,2016030134,2017-04-19,,,4,5,0,1,0.0,0.0,0.0,0.0,0.0,57,0,0
2017,2016030164,2017-04-19,,,0,2,0,1,0.0,0.0,0.0,0.0,0.0,59,0,0
2017,2016030174,2017-04-19,,,1,3,0,1,0.0,0.0,0.0,0.0,0.0,61,0,0
2017,2016030115,2017-04-20,,,2,3,0,1,0.0,0.0,0.0,0.0,0.0,63,0,0
2017,2016030145,2017-04-20,,,5,2,1,1,0.0,0.0,0.0,0.0,0.0,65,0,0
2017,2016030154,2017-04-20,,,4,1,1,1,0.0,0.0,0.0,0.0,0.0,67,0,0
2017,2016030185,2017-04-20,,,4,3,1,1,0.0,0.0,0.0,0.0,0.0,69,0,0
2017,2016030125,2017-04-21,,,2,3,0,1,0.0,0.0,0.0,0.0,0.0,71,0,0
2017,2016030135,2017-04-21,,,2,1,1,1,0.0,0.0,0.0,0.0,0.0,73,0,0
2017,2016030116,2017-04-22,,,3,1,1,1,0.0,0.0,0.0,0.0,0.0,75,0,0
2017,2016030165,2017-04-22,,,3,4,0,1,0.0,0.0,0.0,0.0,0.0,77,0,0
2017,2016030186,2017-04-22,,,1,3,0,1,0.0,0.0,0.0,0.0,0.0,79,0,0
2017,2016030126,2017-04-23,,,2,3,0,1,0.0,0.0,0.0,0.0,0.0,81,0,0
2017,2016030136,2017-04-23,,,1,2,0,1,0.0,0.0,0.0,0.0,0.0,83,0,0
2017,2016030231,2017-04-26,,,3,4,0,1,0.0,0.0,0.0,0.0,0.0,85,0,0
2017,2016030241,2017-04-26,,,3,5,0,1,0.0,0.0,0.0,0.0,0.0,87,0,0
2017,2016030211,2017-04-27,,,2,1,1,1,0.0,0.0,0.0,0.0,0.0,89,0,0
2017,2016030221,2017-04-27,,,2,3,0,1,0.0,0.0,0.0,0.0,0.0,91,0,0
2017,2016030232,2017-04-28,,,3,2,1,1,0.0,0.0,0.0,0.0,0.0,93,0,0
2017,2016030242,2017-04-28,,,1,2,0,1,0.0,0.0,0.0,0.0,0.0,95,0,0
2017,2016030212,2017-04-29,,,6,5,1,1,0.0,0.0,0.0,0.0,0.0,97,0,0
2017,2016030222,2017-04-29,,,2,6,0,1,0.0,0.0,0.0,0.0,0.0,99,0,0
2017,2016030233,2017-04-30,,,3,1,1,1,0.0,0.0,0.0,0.0,0.0,101,0,0
2017,2016030243,2017-04-30,,,3,6,0,1,0.0,0.0,0.0,0.0,0.0,103,0,0
2017,2016030223,2017-05-01,,,2,3,0,1,0.0,0.0,0.0,0.0,0.0,105,0,0
2017,2016030213,2017-05-02,,,4,1,1,1,0.0,0.0,0.0,0.0,0.0,107,0,0
2017,2016030234,2017-05-02,,,2,1,1,1,0.0,0.0,0.0,0.0,0.0,109,0,0
2017,2016030224,2017-05-03,,,3,2,1,1,0.0,0.0,0.0,0.0,0.0,111,0,0
2017,2016030244,2017-05-03,,,3,4,0,1,0.0,0.0,0.0,0.0,0.0,113,0,0
2017,2016030214,2017-05-04,,,4,1,1,1,0.0,0.0,0.0,0.0,0.0,115,0,0
2017,2016030235,2017-05-05,,,2,1,1,1,0.0,0.0,0.0,0.0,0.0,117,0,0
2017,2016030245,2017-05-05,,,4,3,1,1,0.0,0.0,0.0,0.0,0.0,119,0,0
2017,2016030215,2017-05-06,,,5,4,1,1,0.0,0.0,0.0,0.0,0.0,121,0,0
2017,2016030225,2017-05-06,,,4,2,1,1,0.0,0.0,0.0,0.0,0.0,123,0,0
2017,2016030236,2017-05-07,,,3,1,1,1,0.0,0.0,0.0,0.0,0.0,125,0,0
2017,2016030246,2017-05-07,,,7,1,1,1,0.0,0.0,0.0,0.0,0.0,127,0,0
2017,2016030226,2017-05-08,,,2,5,0,1,0.0,0.0,0.0,0.0,0.0,129,0,0
2017,2016030216,2017-05-09,,,2,4,0,1,0.0,0.0,0.0,0.0,0.0,131,0,0
2017,2016030227,2017-05-10,,,0,2,0,1,0.0,0.0,0.0,0.0,0.0,133,0,0
2017,2016030247,2017-05-10,,,2,1,1,1,0.0,0.0,0.0,0.0,0.0,135,0,0
2017,2016030321,2017-05-12,,,2,3,0,1,0.0,0.0,0.0,0.0,0.0,137,0,0
2017,2016030311,2017-05-13,,,1,2,0,1,0.0,0.0,0.0,0.0,0.0,139,0,0
2017,2016030322,2017-05-14,,,5,3,1,1,0.0,0.0,0.0,0.0,0.0,141,0,0
2017,2016030312,2017-05-15,,,1,0,1,1,0.0,0.0,0.0,0.0,0.0,143,0,0
2017,2016030323,2017-05-16,,,2,1,1,1,0.0,0.0,0.0,0.0,0.0,145,0,0
2017,2016030313,2017-05-17,,,5,1,1,1,0.0,0.0,0.0,0.0,0.0,147,0,0
2017,2016030324,2017-05-18,,,2,3,0,1,0.0,0.0,0.0,0.0,0.0,149,0,0
2017,2016030314,2017-05-19,,,2,3,0,1,0.0,0.0,0.0,0.0,0.0,151,0,0
2017,2016030325,2017-05-20,,,1,3,0,1,0.0,0.0,0.0,0.0,0.0,153,0,0
2017,2016030315,2017-05-21,,,7,0,1,1,0.0,0.0,0.0,0.0,0.0,155,0,0
2017,2016030326,2017-05-22,,,6,3,1,1,0.0,0.0,0.0,0.0,0.0,157,0,0
2017,2016030316,2017-05-23,,,2,1,1,1,0.0,0.0,0.0,0.0,0.0,159,0,0
2017,2016030317,2017-05-25,,,3,2,1,1,0.0,0.0,0.0,0.0,0.0,161,0,0
2017,2016030411,2017-05-29,,,5,3,1,1,0.0,0.0,0.0,0.0,0.0,163,0,0
2017,2016030412,2017-05-31,,,4,1,1,1,0.0,0.0,0.0,0.0,0.0,165,0,0
2017,2016030413,2017-06-03,,,5,1,1,1,0.0,0.0,0.0,0.0,0.0,167,0,0
2017,2016030414,2017-06-05,,,4,1,1,1,0.0,0.0,0.0,0.0,0.0,169,0,0
2017,2016030415,2017-06-08,,,6,0,1,1,0.0,0.0,0.0,0.0,0.0,171,0,0
2017,2016030416,2017-06-11,,,0,2,0,1,0.0,0.0,0.0,0.0,0.0,173,0,0
2018,2017030141,2018-04-11,,,7,0,1,1,0.0,0.0,0.0,0.0,0.0,1,0,0
2018,2017030161,2018-04-11,,,3,2,1,1,0.0,0.0,0.0,0.0,0.0,3,0,0
2018,2017030171,2018-04-11,,,1,0,1,1,0.0,0.0,0.0,0.0,0.0,5,0,0
2018,2017030111,2018-04-12,,,5,2,1,1,0.0,0.0,0.0,0.0,0.0,7,0,1
2018,2017030121,2018-04-12,,,5,1,1,1,0.0,0.0,0.0,0.0,0.0,9,0,0
2018,2017030131,2018-04-12,,,3,4,0,1,0.0,0.0,0.0,0.0,0.0,11,0,0
2018,2017030151,2018-04-12,,,5,2,1,1,0.0,0.0,0.0,0.0,0.0,13,0,0
2018,2017030181,2018-04-12,,,0,3,0,1,0.0,0.0,0.0,0.0,0.0,15,0,0
2018,2017030142,2018-04-13,,,1,5,0,1,0.0,0.0,0.0,0.0,0.0,17,0,0
2018,2017030162,2018-04-13,,,4,1,1,1,0.0,0.0,0.0,0.0,0.0,19,0,0
2018,2017030172,2018-04-13,,,2,1,1,1,0.0,0.0,0.0,0.0,0.0,21,0,0
2018,2017030112,2018-04-14,,,5,3,1,1,0.0,0.0,0.0,0.0,0.0,23,0,0
2018,2017030122,2018-04-14,,,7,3,1,1,0.0,0.0,0.0,0.0,0.0,25,0,0
2018,2017030152,2018-04-14,,,5,4,1,1,0.0,0.0,0.0,0.0,0.0,27,0,0
2018,2017030182,2018-04-14,,,2,3,0,1,0.0,0.0,0.0,0.0,0.0,29,0,0
2018,2017030132,2018-04-15,,,4,5,0,1,0.0,0.0,0.0,0.0,0.0,31,0,0
2018,2017030143,2018-04-15,,,1,5,0,1,0.0,0.0,0.0,0.0,0.0,33,0,0
2018,2017030163,2018-04-15,,,6,2,1,1,0.0,0.0,0.0,0.0,0.0,35,0,0
2018,2017030173,2018-04-15,,,2,3,0,1,0.0,0.0,0.0,0.0,0.0,37,0,0
2018,2017030113,2018-04-16,,,5,2,1,1,0.0,0.0,0.0,0.0,0.0,39,0,0
2018,2017030123,2018-04-16,,,4,2,1,1,0.0,0.0,0.0,0.0,0.0,41,0,0
2018,2017030153,2018-04-16,,,5,3,1,1,0.0,0.0,0.0,0.0,0.0,43,0,0
2018,2017030183,2018-04-16,,,8,1,1,1,0.0,0.0,0.0,0.0,0.0,45,0,0
2018,2017030133,2018-04-17,,,2,3,0,1,0.0,0.0,0.0,0.0,0.0,47,0,0
2018,2017030164,2018-04-17,,,0,2,0,1,0.0,0.0,0.0,0.0,0.0,49,0,0
2018,2017030174,2018-04-17,,,0,1,0,1,0.0,0.0,0.0,0.0,0.0,51,0,0
2018,2017030114,2018-04-18,,,1,3,0,1,0.0,0.0,0.0,0.0,0.0,53,0,0
2018,2017030144,2018-04-18,,,0,5,0,1,0.0,0.0,0.0,0.0,0.0,55,0,0
2018,2017030154,2018-04-18,,,2,3,0,1,0.0,0.0,0.0,0.0,0.0,57,0,0
2018,2017030184,2018-04-18,,,2,1,1,1,0.0,0.0,0.0,0.0,0.0,59,0,0
2018,2017030124,2018-04-19,,,1,3,0,1,0.0,0.0,0.0,0.0,0.0,61,0,0
2018,2017030134,2018-04-19,,,1,4,0,1,0.0,0.0,0.0,0.0,0.0,63,0,0
2018,2017030145,2018-04-20,,,2,4,0,1,0.0,0.0,0.0,0.0,0.0,65,0,0
2018,2017030155,2018-04-20,,,1,2,0,1,0.0,0.0,0.0,0.0,0.0,67,0,0
2018,2017030165,2018-04-20,,,5,0,1,1,0.0,0.0,0.0,0.0,0.0,69,0,0
2018,2017030115,2018-04-21,,,3,1,1,1,0.0,0.0,0.0,0.0,0.0,71,0,0
2018,2017030125,2018-04-21,,,3,4,0,1,0.0,0.0,0.0,0.0,0.0,73,0,0
2018,2017030135,2018-04-21,,,4,3,1,1,0.0,0.0,0.0,0.0,0.0,75,0,0
2018,2017030146,2018-04-22,,,5,8,0,1,0.0,0.0,0.0,0.0,0.0,77,0,0
2018,2017030156,2018-04-22,,,0,5,0,1,0.0,0.0,0.0,0.0,0.0,79,0,0
2018,2017030126,2018-04-23,,,3,1,1,1,0.0,0.0,0.0,0.0,0.0,81,0,0
2018,2017030136,2018-04-23,,,3,6,0,1,0.0,0.0,0.0,0.0,0.0,83,0,0
2018,2017030127,2018-04-25,,,7,4,1,1,0.0,0.0,0.0,0.0,0.0,85,0,0
2018,2017030221,2018-04-26,,,2,3,0,1,0.0,0.0,0.0,0.0,0.0,87,0,0
2018,2017030241,2018-04-26,,,7,0,1,1,0.0,0.0,0.0,0.0,0.0,89,0,0
2018,2017030231,2018-04-27,,,1,4,0,1,0.0,0.0,0.0,0.0,0.0,91,0,0
2018,2017030211,2018-04-28,,,2,6,0,1,0.0,0.0,0.0,0.0,0.0,93,0,0
2018,2017030242,2018-04-28,,,3,4,0,1,0.0,0.0,0.0,0.0,0.0,95,0,0
2018,2017030222,2018-04-29,,,4,1,1,1,0.0,0.0,0.0,0.0,0.0,97,0,0
2018,2017030232,2018-04-29,,,5,4,1,1,0.0,0.0,0.0,0.0,0.0,99,0,0
2018,2017030212,2018-04-30,,,4,2,1,1,0.0,0.0,0.0,0.0,0.0,101,0,0
2018,2017030243,2018-04-30,,,3,4,0,1,0.0,0.0,0.0,0.0,0.0,103,0,0
2018,2017030223,2018-05-01,,,3,4,0,1,0.0,0.0,0.0,0.0,0.0,105,0,0
2018,2017030233,2018-05-01,,,7,4,1,1,0.0,0.0,0.0,0.0,0.0,107,0,0
2018,2017030213,2018-05-02,,,1,4,0,1,0.0,0.0,0.0,0.0,0.0,109,0,0
2018,2017030244,2018-05-02,,,4,0,1,1,0.0,0.0,0.0,0.0,0.0,111,0,0
2018,2017030224,2018-05-03,,,3,1,1,1,0.0,0.0,0.0,0.0,0.0,113,0,0
2018,2017030234,2018-05-03,,,1,2,0,1,0.0,0.0,0.0,0.0,0.0,115,0,0
2018,2017030214,2018-05-04,,,3,4,0,1,0.0,0.0,0.0,0.0,0.0,117,0,0
2018,2017030245,2018-05-04,,,5,3,1,1,0.0,0.0,0.0,0.0,0.0,119,0,0
2018,2017030225,2018-05-05,,,6,3,1,1,0.0,0.0,0.0,0.0,0.0,121,0,0
2018,2017030235,2018-05-05,,,2,6,0,1,0.0,0.0,0.0,0.0,0.0,123,0,0
2018,2017030215,2018-05-06,,,3,1,1,1,0.0,0.0,0.0,0.0,0.0,125,0,0
2018,2017030246,2018-05-06,,,0,3,0,1,0.0,0.0,0.0,0.0,0.0,127,0,0
2018,2017030226,2018-05-07,,,1,2,0,1,0.0,0.0,0.0,0.0,0.0,129,0,0
2018,2017030236,2018-05-07,,,0,4,0,1,0.0,0.0,0.0,0.0,0.0,131,0,0
2018,2017030237,2018-05-10,,,1,5,0,1,0.0,0.0,0.0,0.0,0.0,133,0,0
2018,2017030311,2018-05-11,,,2,4,0,1,0.0,0.0,0.0,0.0,0.0,135,0,0
2018,2017030321,2018-05-12,,,4,2,1,1,0.0,0.0,0.0,0.0,0.0,137,0,0
2018,2017030312,2018-05-13,,,2,6,0,1,0.0,0.0,0.0,0.0,0.0,139,0,0
2018,2017030322,2018-05-14,,,1,3,0,1,0.0,0.0,0.0,0.0,0.0,141,0,0
2018,2017030313,2018-05-15,,,2,4,0,1,0.0,0.0,0.0,0.0,0.0,143,0,0
2018,2017030323,2018-05-16,,,4,2,1,1,0.0,0.0,0.0,0.0,0.0,145,0,0
2018,2017030314,2018-05-17,,,2,4,0,1,0.0,0.0,0.0,0.0,0.0,147,0,0
2018,2017030324,2018-05-18,,,3,2,1,1,0.0,0.0,0.0,0.0,0.0,149,0,0
2018,2017030315,2018-05-19,,,3,2,1,1,0.0,0.0,0.0,0.0,0.0,151,0,0
2018,2017030325,2018-05-20,,,1,2,0,1,0.0,0.0,0.0,0.0,0.0,153,0,0
2018,2017030316,2018-05-21,,,3,0,1,1,0.0,0.0,0.0,0.0,0.0,155,0,0
2018,2017030317,2018-05-23,,,0,4,0,1,0.0,0.0,0.0,0.0,0.0,157,0,0
2018,2017030411,2018-05-28,,,6,4,1,1,0.0,0.0,0.0,0.0,0.0,159,0,0
2018,2017030412,2018-05-30,,,2,3,0,1,0.0,0.0,0.0,0.0,0.0,161,0,0
2018,2017030413,2018-06-02,,,3,1,1,1,0.0,0.0,0.0,0.0,0.0,163,0,0
2018,2017030414,2018-06-04,,,6,2,1,1,0.0,0.0,0.0,0.0,0.0,165,0,0
2018,2017030415,2018-06-07,,,3,4,0,1,0.0,0.0,0.0,0.0,0.0,167,0,0
2019,2018030111,2019-04-10,,,3,4,0,1,0.0,0.0,0.0,0.0,0.0,1,0,0
2019,2018030141,2019-04-10,,,4,3,1,1,0.0,0.0,0.0,0.0,0.0,3,0,0
2019,2018030151,2019-04-10,,,2,3,0,1,0.0,0.0,0.0,0.0,0.0,5,0,0
2019,2018030161,2019-04-10,,,1,2,0,1,0.0,0.0,0.0,0.0,0.0,7,0,1
2019,2018030181,2019-04-10,,,5,2,1,1,0.0,0.0,0.0,0.0,0.0,9,0,0
2019,2018030121,2019-04-11,,,1,4,0,1,0.0,0.0,0.0,0.0,0.0,11,0,0
2019,2018030131,2019-04-11,,,4,2,1,1,0.0,0.0,0.0,0.0,0.0,13,0,0
2019,2018030171,2019-04-11,,,4,0,1,1,0.0,0.0,0.0,0.0,0.0,15,0,0
2019,2018030112,2019-04-12,,,1,5,0,1,0.0,0.0,0.0,0.0,0.0,17,0,0
2019,2018030142,2019-04-12,,,3,1,1,1,0.0,0.0,0.0,0.0,0.0,19,0,0
2019,2018030162,2019-04-12,,,3,4,0,1,0.0,0.0,0.0,0.0,0.0,21,0,0
2019,2018030182,2019-04-12,,,3,5,0,1,0.0,0.0,0.0,0.0,0.0,23,0,0
2019,2018030122,2019-04-13,,,4,1,1,1,0.0,0.0,0.0,0.0,0.0,25,0,0
2019,2018030132,2019-04-13,,,4,3,1,1,0.0,0.0,0.0,0.0,0.0,27,0,0
2019,2018030152,2019-04-13,,,2,1,1,1,0.0,0.0,0.0,0.0,0.0,29,0,0
2019,2018030172,2019-04-13,,,2,3,0,1,0.0,0.0,0.0,0.0,0.0,31,0,0
2019,2018030113,2019-04-14,,,3,1,1,1,0.0,0.0,0.0,0.0,0.0,33,0,0
2019,2018030143,2019-04-14,,,1,4,0,1,0.0,0.0,0.0,0.0,0.0,35,0,0
2019,2018030163,2019-04-14,,,3,6,0,1,0.0,0.0,0.0,0.0,0.0,37,0,0
2019,2018030183,2019-04-14,,,6,3,1,1,0.0,0.0,0.0,0.0,0.0,39,0,0
2019,2018030123,2019-04-15,,,3,2,1,1,0.0,0.0,0.0,0.0,0.0,41,0,0
2019,2018030133,2019-04-15,,,5,0,1,1,0.0,0.0,0.0,0.0,0.0,43,0,0
2019,2018030153,2019-04-15,,,2,3,0,1,0.0,0.0,0.0,0.0,0.0,45,0,0
2019,2018030173,2019-04-15,,,6,2,1,1,0.0,0.0,0.0,0.0,0.0,47,0,0
2019,2018030114,2019-04-16,,,7,3,1,1,0.0,0.0,0.0,0.0,0.0,49,0,0
2019,2018030144,2019-04-16,,,1,3,0,1,0.0,0.0,0.0,0.0,0.0,51,0,0
2019,2018030164,2019-04-16,,,1,2,0,1,0.0,0.0,0.0,0.0,0.0,53,0,0
2019,2018030184,2019-04-16,,,5,0,1,1,0.0,0.0,0.0,0.0,0.0,55,0,0
2019,2018030124,2019-04-17,,,4,6,0,1,0.0,0.0,0.0,0.0,0.0,57,0,0
2019,2018030154,2019-04-17,,,5,1,1,1,0.0,0.0,0.0,0.0,0.0,59,0,0
2019,2018030174,2019-04-17,,,3,2,1,1,0.0,0.0,0.0,0.0,0.0,61,0,0
2019,2018030134,2019-04-18,,,2,1,1,1,0.0,0.0,0.0,0.0,0.0,63,0,0
2019,2018030165,2019-04-18,,,2,3,0,1,0.0,0.0,0.0,0.0,0.0,65,0,0
2019,2018030185,2019-04-18,,,5,2,1,1,0.0,0.0,0.0,0.0,0.0,67,0,0
2019,2018030125,2019-04-19,,,1,2,0,1,0.0,0.0,0.0,0.0,0.0,69,0,0
2019,2018030175,2019-04-19,,,1,5,0,1,0.0,0.0,0.0,0.0,0.0,71,0,0
2019,2018030135,2019-04-20,,,6,0,1,1,0.0,0.0,0.0,0.0,0.0,73,0,0
2019,2018030155,2019-04-20,,,3,5,0,1,0.0,0.0,0.0,0.0,0.0,75,0,0
2019,2018030166,2019-04-20,,,3,2,1,1,0.0,0.0,0.0,0.0,0.0,77,0,0
2019,2018030126,2019-04-21,,,2,4,0,1,0.0,0.0,0.0,0.0,0.0,79,0,0
2019,2018030186,2019-04-21,,,1,2,0,1,0.0,0.0,0.0,0.0,0.0,81,0,0
2019,2018030136,2019-04-22,,,5,2,1,1,0.0,0.0,0.0,0.0,0.0,83,0,0
2019,2018030156,2019-04-22,,,2,1,1,1,0.0,0.0,0.0,0.0,0.0,85,0,0
2019,2018030127,2019-04-23,,,5,1,1,1,0.0,0.0,0.0,0.0,0.0,87,0,0
2019,2018030187,2019-04-23,,,5,4,1,1,0.0,0.0,0.0,0.0,0.0,89,0,0
2019,2018030137,2019-04-24,,,3,4,0,1,0.0,0.0,0.0,0.0,0.0,91,0,0
2019,2018030211,2019-04-25,,,3,2,1,1,0.0,0.0,0.0,0.0,0.0,93,0,0
2019,2018030231,2019-04-25,,,3,2,1,1,0.0,0.0,0.0,0.0,0.0,95,0,0
2019,2018030221,2019-04-26,,,0,1,0,1,0.0,0.0,0.0,0.0,0.0,97,0,0
2019,2018030241,2019-04-26,,,5,2,1,1,0.0,0.0,0.0,0.0,0.0,99,0,0
2019,2018030212,2019-04-27,,,2,3,0,1,0.0,0.0,0.0,0.0,0.0,101,0,0
2019,2018030232,2019-04-27,,,2,4,0,1,0.0,0.0,0.0,0.0,0.0,103,0,0
2019,2018030222,2019-04-28,,,1,2,0,1,0.0,0.0,0.0,0.0,0.0,105,0,0
2019,2018030242,2019-04-28,,,3,4,0,1,0.0,0.0,0.0,0.0,0.0,107,0,0
2019,2018030233,2019-04-29,,,3,4,0,1,0.0,0.0,0.0,0.0,0.0,109,0,0
2019,2018030213,2019-04-30,,,2,1,1,1,0.0,0.0,0.0,0.0,0.0,111,0,0
2019,2018030243,2019-04-30,,,2,4,0,1,0.0,0.0,0.0,0.0,0.0,113,0,0
2019,2018030223,2019-05-01,,,5,2,1,1,0.0,0.0,0.0,0.0,0.0,115,0,0
2019,2018030234,2019-05-01,,,4,2,1,1,0.0,0.0,0.0,0.0,0.0,117,0,0
2019,2018030214,2019-05-02,,,1,4,0,1,0.0,0.0,0.0,0.0,0.0,119,0,0
2019,2018030244,2019-05-02,,,3,0,1,1,0.0,0.0,0.0,0.0,0.0,121,0,0
2019,2018030224,2019-05-03,,,5,2,1,1,0.0,0.0,0.0,0.0,0.0,123,0,0
2019,2018030235,2019-05-03,,,1,2,0,1,0.0,0.0,0.0,0.0,0.0,125,0,0
2019,2018030215,2019-05-04,,,4,3,1,1,0.0,0.0,0.0,0.0,0.0,127,0,0
2019,2018030245,2019-05-04,,,2,1,1,1,0.0,0.0,0.0,0.0,0.0,129,0,0
2019,2018030236,2019-05-05,,,1,4,0,1,0.0,0.0,0.0,0.0,0.0,131,0,0
2019,2018030216,2019-05-06,,,0,3,0,1,0.0,0.0,0.0,0.0,0.0,133,0,0
2019,2018030246,2019-05-06,,,4,3,1,1,0.0,0.0,0.0,0.0,0.0,135,0,0
2019,2018030237,2019-05-07,,,2,1,1,1,0.0,0.0,0.0,0.0,0.0,137,0,0
2019,2018030247,2019-05-08,,,3,2,1,1,0.0,0.0,0.0,0.0,0.0,139,0,0
2019,2018030311,2019-05-09,,,5,2,1,1,0.0,0.0,0.0,0.0,0.0,141,0,0
2019,2018030321,2019-05-11,,,6,3,1,1,0.0,0.0,0.0,0.0,0.0,143,0,0
2019,2018030312,2019-05-12,,,6,2,1,1,0.0,0.0,0.0,0.0,0.0,145,0,0
2019,2018030322,2019-05-13,,,2,4,0,1,0.0,0.0,0.0,0.0,0.0,147,0,0
2019,2018030313,2019-05-14,,,1,2,0,1,0.0,0.0,0.0,0.0,0.0,149,0,0
2019,2018030323,2019-05-15,,,4,5,0,1,0.0,0.0,0.0,0.0,0.0,151,0,0
2019,2018030314,2019-05-16,,,0,4,0,1,0.0,0.0,0.0,0.0,0.0,153,0,0
2019,2018030324,2019-05-17,,,2,1,1,1,0.0,0.0,0.0,0.0,0.0,155,0,0
2019,2018030325,2019-05-19,,,0,5,0,1,0.0,0.0,0.0,0.0,0.0,157,0,0
2019,2018030326,2019-05-21,,,5,1,1,1,0.0,0.0,0.0,0.0,0.0,159,0,0
2019,2018030411,2019-05-27,,,4,2,1,1,0.0,0.0,0.0,0.0,0.0,161,0,0
2019,2018030412,2019-05-29,,,2,3,0,1,0.0,0.0,0.0,0.0,0.0,163,0,0
2019,2018030413,2019-06-01,,,2,7,0,1,0.0,0.0,0.0,0.0,0.0,165,0,0
2019,2018030414,2019-06-03,,,4,2,1,1,0.0,0.0,0.0,0.0,0.0,167,0,0
2019,2018030415,2019-06-06,,,1,2,0,1,0.0,0.0,0.0,0.0,0.0,169,0,0
2019,2018030416,2019-06-09,,,1,5,0,1,0.0,0.0,0.0,0.0,0.0,171,0,0
2019,2018030417,2019-06-12,,,1,4,0,1,0.0,0.0,0.0,0.0,0.0,173,0,0
2021,2020030121,2021-05-15,,,3,2,1,1,0.0,0.0,0.0,0.0,0.0,1,0,0
2021,2020030111,2021-05-16,,,3,4,0,1,0.0,0.0,0.0,0.0,0.0,3,0,0
2021,2020030141,2021-05-16,,,4,5,0,1,0.0,0.0,0.0,0.0,0.0,5,0,0
2021,2020030161,2021-05-16,,,0,1,0,1,0.0,0.0,0.0,0.0,0.0,7,0,1
2021,2020030122,2021-05-17,,,3,4,0,1,0.0,0.0,0.0,0.0,0.0,9,0,0
2021,2020030131,2021-05-17,,,5,2,1,1,0.0,0.0,0.0,0.0,0.0,11,0,0
2021,2020030151,2021-05-17,,,4,1,1,1,0.0,0.0,0.0,0.0,0.0,13,0,0
2021,2020030112,2021-05-18,,,2,1,1,1,0.0,0.0,0.0,0.0,0.0,15,0,0
2021,2020030142,2021-05-18,,,1,3,0,1,0.0,0.0,0.0,0.0,0.0,17,0,0
2021,2020030162,2021-05-18,,,3,1,1,1,0.0,0.0,0.0,0.0,0.0,19,0,0
2021,2020030123,2021-05-19,,,3,2,1,1,0.0,0.0,0.0,0.0,0.0,21,0,0
2021,2020030132,2021-05-19,,,3,0,1,1,0.0,0.0,0.0,0.0,0.0,23,0,0
2021,2020030152,2021-05-19,,,6,3,1,1,0.0,0.0,0.0,0.0,0.0,25,0,0
2021,2020030181,2021-05-19,,,1,4,0,1,0.0,0.0,0.0,0.0,0.0,27,0,0
2021,2020030113,2021-05-20,,,4,5,0,1,0.0,0.0,0.0,0.0,0.0,29,0,0
2021,2020030143,2021-05-20,,,5,6,0,1,0.0,0.0,0.0,0.0,0.0,31,0,0
2021,2020030163,2021-05-20,,,2,5,0,1,0.0,0.0,0.0,0.0,0.0,33,0,0
2021,2020030171,2021-05-20,,,1,2,0,1,0.0,0.0,0.0,0.0,0.0,35,0,0
2021,2020030124,2021-05-21,,,4,1,1,1,0.0,0.0,0.0,0.0,0.0,37,0,0
2021,2020030133,2021-05-21,,,5,4,1,1,0.0,0.0,0.0,0.0,0.0,39,0,0
2021,2020030153,2021-05-21,,,1,5,0,1,0.0,0.0,0.0,0.0,0.0,41,0,0
2021,2020030182,2021-05-21,,,0,1,0,1,0.0,0.0,0.0,0.0,0.0,43,0,0
2021,2020030114,2021-05-22,,,4,1,1,1,0.0,0.0,0.0,0.0,0.0,45,0,0
2021,2020030144,2021-05-22,,,6,2,1,1,0.0,0.0,0.0,0.0,0.0,47,0,0
2021,2020030164,2021-05-22,,,0,4,0,1,0.0,0.0,0.0,0.0,0.0,49,0,0
2021,2020030172,2021-05-22,,,5,1,1,1,0.0,0.0,0.0,0.0,0.0,51,0,0
2021,2020030125,2021-05-23,,,1,3,0,1,0.0,0.0,0.0,0.0,0.0,53,0,0
2021,2020030134,2021-05-23,,,4,3,1,1,0.0,0.0,0.0,0.0,0.0,55,0,0
2021,2020030154,2021-05-23,,,2,5,0,1,0.0,0.0,0.0,0.0,0.0,57,0,0
2021,2020030183,2021-05-23,,,5,4,1,1,0.0,0.0,0.0,0.0,0.0,59,0,0
2021,2020030115,2021-05-24,,,2,3,0,1,0.0,0.0,0.0,0.0,0.0,61,0,0
2021,2020030145,2021-05-24,,,4,1,1,1,0.0,0.0,0.0,0.0,0.0,63,0,0
2021,2020030165,2021-05-24,,,2,4,0,1,0.0,0.0,0.0,0.0,0.0,65,0,0
2021,2020030173,2021-05-24,,,1,2,0,1,0.0,0.0,0.0,0.0,0.0,67,0,0
2021,2020030184,2021-05-24,,,4,3,1,1,0.0,0.0,0.0,0.0,0.0,69,0,0
2021,2020030126,2021-05-25,,,0,0,0,1,0.0,0.0,0.0,0.0,0.0,71,0,0
2021,2020030135,2021-05-25,,,3,2,1,1,0.0,0.0,0.0,0.0,0.0,73,0,0
2021,2020030155,2021-05-25,,,0,0,0,1,0.0,0.0,0.0,0.0,0.0,75,0,0
2021,2020030174,2021-05-25,,,0,4,0,1,0.0,0.0,0.0,0.0,0.0,77,0,0
2021,2020030116,2021-05-26,,,5,3,1,1,0.0,0.0,0.0,0.0,0.0,79,0,0
2021,2020030146,2021-05-26,,,4,0,1,1,0.0,0.0,0.0,0.0,0.0,81,0,0
2021,2020030166,2021-05-26,,,3,0,1,1,0.0,0.0,0.0,0.0,0.0,83,0,0
2021,2020030185,2021-05-26,,,0,0,0,1,0.0,0.0,0.0,0.0,0.0,85,0,0
2021,2020030127,2021-05-27,,,0,0,0,1,0.0,0.0,0.0,0.0,0.0,87,0,0
2021,2020030136,2021-05-27,,,3,4,0,1,0.0,0.0,0.0,0.0,0.0,89,0,0
2021,2020030156,2021-05-27,,,0,0,0,1,0.0,0.0,0.0,0.0,0.0,91,0,0
2021,2020030175,2021-05-27,,,3,4,0,1,0.0,0.0,0.0,0.0,0.0,93,0,0
2021,2020030117,2021-05-28,,,0,0,0,1,0.0,0.0,0.0,0.0,0.0,95,0,0
2021,2020030147,2021-05-28,,,0,0,0,1,0.0,0.0,0.0,0.0,0.0,97,0,0
2021,2020030167,2021-05-28,,,6,2,1,1,0.0,0.0,0.0,0.0,0.0,99,0,0
2021,2020030186,2021-05-28,,,0,0,0,1,0.0,0.0,0.0,0.0,0.0,101,0,0
2021,2020030137,2021-05-29,,,0,0,0,1,0.0,0.0,0.0,0.0,0.0,103,0,0
2021,2020030157,2021-05-29,,,0,0,0,1,0.0,0.0,0.0,0.0,0.0,105,0,0
2021,2020030176,2021-05-29,,,3,2,1,1,0.0,0.0,0.0,0.0,0.0,107,0,0
2021,2020030211,2021-05-29,,,5,2,1,1,0.0,0.0,0.0,0.0,0.0,109,0,0
2021,2020030187,2021-05-30,,,0,0,0,1,0.0,0.0,0.0,0.0,0.0,111,0,0
2021,2020030221,2021-05-30,,,1,2,0,1,0.0,0.0,0.0,0.0,0.0,113,0,0
2021,2020030231,2021-05-30,,,7,1,1,1,0.0,0.0,0.0,0.0,0.0,115,0,0
2021,2020030177,2021-05-31,,,1,3,0,1,0.0,0.0,0.0,0.0,0.0,117,0,0
2021,2020030212,2021-05-31,,,3,4,0,1,0.0,0.0,0.0,0.0,0.0,119,0,0
2021,2020030222,2021-06-01,,,1,2,0,1,0.0,0.0,0.0,0.0,0.0,121,0,0
2021,2020030232,2021-06-02,,,3,2,1,1,0.0,0.0,0.0,0.0,0.0,123,0,0
2021,2020030241,2021-06-02,,,3,5,0,1,0.0,0.0,0.0,0.0,0.0,125,0,0
2021,2020030213,2021-06-03,,,1,2,0,1,0.0,0.0,0.0,0.0,0.0,127,0,0
2021,2020030223,2021-06-03,,,2,3,0,1,0.0,0.0,0.0,0.0,0.0,129,0,0
2021,2020030233,2021-06-04,,,3,2,1,1,0.0,0.0,0.0,0.0,0.0,131,0,0
2021,2020030242,2021-06-04,,,0,1,0,1,0.0,0.0,0.0,0.0,0.0,133,0,0
2021,2020030214,2021-06-05,,,4,1,1,1,0.0,0.0,0.0,0.0,0.0,135,0,0
2021,2020030224,2021-06-05,,,6,4,1,1,0.0,0.0,0.0,0.0,0.0,137,0,0
2021,2020030234,2021-06-06,,,5,1,1,1,0.0,0.0,0.0,0.0,0.0,139,0,0
2021,2020030243,2021-06-06,,,5,1,1,1,0.0,0.0,0.0,0.0,0.0,141,0,0
2021,2020030215,2021-06-07,,,4,5,0,1,0.0,0.0,0.0,0.0,0.0,143,0,0
2021,2020030244,2021-06-07,,,3,2,1,1,0.0,0.0,0.0,0.0,0.0,145,0,0
2021,2020030225,2021-06-08,,,0,2,0,1,0.0,0.0,0.0,0.0,0.0,147,0,0
2021,2020030235,2021-06-08,,,2,3,0,1,0.0,0.0,0.0,0.0,0.0,149,0,0
2021,2020030216,2021-06-09,,,6,2,1,1,0.0,0.0,0.0,0.0,0.0,151,0,0
2021,2020030245,2021-06-09,,,0,0,0,1,0.0,0.0,0.0,0.0,0.0,153,0,0
2021,2020030226,2021-06-10,,,0,0,0,1,0.0,0.0,0.0,0.0,0.0,155,0,0
2021,2020030236,2021-06-10,,,6,3,1,1,0.0,0.0,0.0,0.0,0.0,157,0,0
2021,2020030217,2021-06-11,,,0,0,0,1,0.0,0.0,0.0,0.0,0.0,159,0,0
2021,2020030246,2021-06-11,,,0,0,0,1,0.0,0.0,0.0,0.0,0.0,161,0,0
2021,2020030227,2021-06-12,,,0,0,0,1,0.0,0.0,0.0,0.0,0.0,163,0,0
2021,2020030237,2021-06-12,,,0,0,0,1,0.0,0.0,0.0,0.0,0.0,165,0,0
2021,2020030247,2021-06-13,,,0,0,0,1,0.0,0.0,0.0,0.0,0.0,167,0,0
2021,2020030321,2021-06-13,,,1,2,0,1,0.0,0.0,0.0,0.0,0.0,169,0,0
2021,2020030311,2021-06-14,,,4,1,1,1,0.0,0.0,0.0,0.0,0.0,171,0,0
2021,2020030322,2021-06-15,,,4,2,1,1,0.0,0.0,0.0,0.0,0.0,173,0,0
2021,2020030312,2021-06-16,,,2,3,0,1,0.0,0.0,0.0,0.0,0.0,175,0,0
2021,2020030323,2021-06-17,,,1,2,0,1,0.0,0.0,0.0,0.0,0.0,177,0,0
2021,2020030313,2021-06-18,,,3,2,1,1,0.0,0.0,0.0,0.0,0.0,179,0,0
2021,2020030324,2021-06-19,,,3,2,1,1,0.0,0.0,0.0,0.0,0.0,181,0,0
2021,2020030314,2021-06-20,,,1,2,0,1,0.0,0.0,0.0,0.0,0.0,183,0,0
2021,2020030325,2021-06-21,,,8,0,1,1,0.0,0.0,0.0,0.0,0.0,185,0,0
2021,2020030315,2021-06-22,,,1,4,0,1,0.0,0.0,0.0,0.0,0.0,187,0,0
2021,2020030326,2021-06-23,,,3,2,1,1,0.0,0.0,0.0,0.0,0.0,189,0,0
2021,2020030316,2021-06-24,,,3,2,1,1,0.0,0.0,0.0,0.0,0.0,191,0,0
2021,2020030327,2021-06-25,,,1,0,1,1,0.0,0.0,0.0,0.0,0.0,193,0,0
2021,2020030317,2021-06-26,,,0,0,0,1,0.0,0.0,0.0,0.0,0.0,195,0,0
2021,2020030411,2021-06-28,,,5,1,1,1,0.0,0.0,0.0,0.0,0.0,197,0,0
2021,2020030412,2021-06-30,,,3,1,1,1,0.0,0.0,0.0,0.0,0.0,199,0,0
2021,2020030413,2021-07-02,,,3,6,0,1,0.0,0.0,0.0,0.0,0.0,201,0,0
2021,2020030414,2021-07-05,,,3,2,1,1,0.0,0.0,0.0,0.0,0.0,203,0,0
2021,2020030415,2021-07-07,,,1,0,1,1,0.0,0.0,0.0,0.0,0.0,205,0,0
2021,2020030416,2021-07-09,,,0,0,0,1,0.0,0.0,0.0,0.0,0.0,207,0,0
2021,2020030417,2021-07-11,,,0,0,0,1,0.0,0.0,0.0,0.0,0.0,209,0,0
2022,2021030121,2022-05-02,,,5,0,1,1,0.0,0.0,0.0,0.0,0.0,1,0,0
2022,2021030131,2022-05-02,,,5,1,1,1,0.0,0.0,0.0,0.0,0.0,3,0,0
2022,2021030161,2022-05-02,,,0,4,0,1,0.0,0.0,0.0,0.0,0.0,5,0,0
2022,2021030181,2022-05-02,,,3,4,0,1,0.0,0.0,0.0,0.0,0.0,7,0,1
2022,2021030111,2022-05-03,,,2,4,0,1,0.0,0.0,0.0,0.0,0.0,9,0,0
2022,2021030141,2022-05-03,,,3,4,0,1,0.0,0.0,0.0,0.0,0.0,11,0,0
2022,2021030151,2022-05-03,,,7,2,1,1,0.0,0.0,0.0,0.0,0.0,13,0,0
2022,2021030171,2022-05-03,,,1,0,1,1,0.0,0.0,0.0,0.0,0.0,15,0,0
2022,2021030122,2022-05-04,,,3,5,0,1,0.0,0.0,0.0,0.0,0.0,17,0,0
2022,2021030132,2022-05-04,,,5,2,1,1,0.0,0.0,0.0,0.0,0.0,19,0,0
2022,2021030162,2022-05-04,,,6,2,1,1,0.0,0.0,0.0,0.0,0.0,21,0,0
2022,2021030182,2022-05-04,,,6,0,1,1,0.0,0.0,0.0,0.0,0.0,23,0,0
2022,2021030112,2022-05-05,,,5,1,1,1,0.0,0.0,0.0,0.0,0.0,25,0,0
2022,2021030142,2022-05-05,,,5,2,1,1,0.0,0.0,0.0,0.0,0.0,27,0,0
2022,2021030152,2022-05-05,,,2,1,1,1,0.0,0.0,0.0,0.0,0.0,29,0,0
2022,2021030172,2022-05-05,,,0,2,0,1,0.0,0.0,0.0,0.0,0.0,31,0,0
2022,2021030123,2022-05-06,,,2,5,0,1,0.0,0.0,0.0,0.0,0.0,33,0,0
2022,2021030133,2022-05-06,,,4,2,1,1,0.0,0.0,0.0,0.0,0.0,35,0,0
2022,2021030163,2022-05-06,,,1,5,0,1,0.0,0.0,0.0,0.0,0.0,37,0,0
2022,2021030183,2022-05-06,,,2,8,0,1,0.0,0.0,0.0,0.0,0.0,39,0,0
2022,2021030113,2022-05-07,,,6,1,1,1,0.0,0.0,0.0,0.0,0.0,41,0,0
2022,2021030143,2022-05-07,,,7,4,1,1,0.0,0.0,0.0,0.0,0.0,43,0,0
2022,2021030153,2022-05-07,,,3,7,0,1,0.0,0.0,0.0,0.0,0.0,45,0,0
2022,2021030173,2022-05-07,,,4,2,1,1,0.0,0.0,0.0,0.0,0.0,47,0,0
2022,2021030124,2022-05-08,,,7,3,1,1,0.0,0.0,0.0,0.0,0.0,49,0,0
2022,2021030134,2022-05-08,,,5,2,1,1,0.0,0.0,0.0,0.0,0.0,51,0,0
2022,2021030164,2022-05-08,,,5,2,1,1,0.0,0.0,0.0,0.0,0.0,53,0,0
2022,2021030184,2022-05-08,,,4,0,1,1,0.0,0.0,0.0,0.0,0.0,55,0,0
2022,2021030114,2022-05-09,,,2,3,0,1,0.0,0.0,0.0,0.0,0.0,57,0,0
2022,2021030144,2022-05-09,,,7,2,1,1,0.0,0.0,0.0,0.0,0.0,59,0,0
2022,2021030154,2022-05-09,,,3,5,0,1,0.0,0.0,0.0,0.0,0.0,61,0,0
2022,2021030174,2022-05-09,,,1,4,0,1,0.0,0.0,0.0,0.0,0.0,63,0,0
2022,2021030125,2022-05-10,,,4,3,1,1,0.0,0.0,0.0,0.0,0.0,65,0,0
2022,2021030135,2022-05-10,,,5,1,1,1,0.0,0.0,0.0,0.0,0.0,67,0,0
2022,2021030165,2022-05-10,,,2,5,0,1,0.0,0.0,0.0,0.0,0.0,69,0,0
2022,2021030185,2022-05-10,,,4,5,0,1,0.0,0.0,0.0,0.0,0.0,71,0,0
2022,2021030115,2022-05-11,,,5,3,1,1,0.0,0.0,0.0,0.0,0.0,73,0,0
2022,2021030145,2022-05-11,,,5,3,1,1,0.0,0.0,0.0,0.0,0.0,75,0,0
2022,2021030155,2022-05-11,,,0,0,0,1,0.0,0.0,0.0,0.0,0.0,77,0,0
2022,2021030175,2022-05-11,,,3,1,1,1,0.0,0.0,0.0,0.0,0.0,79,0,0
2022,2021030126,2022-05-12,,,4,3,1,1,0.0,0.0,0.0,0.0,0.0,81,0,0
2022,2021030136,2022-05-12,,,5,2,1,1,0.0,0.0,0.0,0.0,0.0,83,0,0
2022,2021030166,2022-05-12,,,5,1,1,1,0.0,0.0,0.0,0.0,0.0,85,0,0
2022,2021030186,2022-05-12,,,2,4,0,1,0.0,0.0,0.0,0.0,0.0,87,0,0
2022,2021030116,2022-05-13,,,3,4,0,1,0.0,0.0,0.0,0.0,0.0,89,0,0
2022,2021030146,2022-05-13,,,3,5,0,1,0.0,0.0,0.0,0.0,0.0,91,0,0
2022,2021030156,2022-05-13,,,0,0,0,1,0.0,0.0,0.0,0.0,0.0,93,0,0
2022,2021030176,2022-05-13,,,4,2,1,1,0.0,0.0,0.0,0.0,0.0,95,0,0
2022,2021030127,2022-05-14,,,1,2,0,1,0.0,0.0,0.0,0.0,0.0,97,0,0
2022,2021030137,2022-05-14,,,3,2,1,1,0.0,0.0,0.0,0.0,0.0,99,0,0
2022,2021030167,2022-05-14,,,0,0,0,1,0.0,0.0,0.0,0.0,0.0,101,0,0
2022,2021030187,2022-05-14,,,2,0,1,1,0.0,0.0,0.0,0.0,0.0,103,0,0
2022,2021030117,2022-05-15,,,0,0,0,1,0.0,0.0,0.0,0.0,0.0,105,0,0
2022,2021030147,2022-05-15,,,4,3,1,1,0.0,0.0,0.0,0.0,0.0,107,0,0
2022,2021030157,2022-05-15,,,0,0,0,1,0.0,0.0,0.0,0.0,0.0,109,0,0
2022,2021030177,2022-05-15,,,3,2,1,1,0.0,0.0,0.0,0.0,0.0,111,0,0
2022,2021030211,2022-05-17,,,1,4,0,1,0.0,0.0,0.0,0.0,0.0,113,0,0
2022,2021030231,2022-05-17,,,3,2,1,1,0.0,0.0,0.0,0.0,0.0,115,0,0
2022,2021030221,2022-05-18,,,2,1,1,1,0.0,0.0,0.0,0.0,0.0,117,0,0
2022,2021030241,2022-05-18,,,9,6,1,1,0.0,0.0,0.0,0.0,0.0,119,0,0
2022,2021030212,2022-05-19,,,1,2,0,1,0.0,0.0,0.0,0.0,0.0,121,0,0
2022,2021030232,2022-05-19,,,1,4,0,1,0.0,0.0,0.0,0.0,0.0,123,0,0
2022,2021030222,2022-05-20,,,2,0,1,1,0.0,0.0,0.0,0.0,0.0,125,0,0
2022,2021030242,2022-05-20,,,3,5,0,1,0.0,0.0,0.0,0.0,0.0,127,0,0
2022,2021030233,2022-05-21,,,2,5,0,1,0.0,0.0,0.0,0.0,0.0,129,0,0
2022,2021030213,2022-05-22,,,5,1,1,1,0.0,0.0,0.0,0.0,0.0,131,0,0
2022,2021030223,2022-05-22,,,3,1,1,1,0.0,0.0,0.0,0.0,0.0,133,0,0
2022,2021030243,2022-05-22,,,4,1,1,1,0.0,0.0,0.0,0.0,0.0,135,0,0
2022,2021030214,2022-05-23,,,2,0,1,1,0.0,0.0,0.0,0.0,0.0,137,0,0
2022,2021030234,2022-05-23,,,3,6,0,1,0.0,0.0,0.0,0.0,0.0,139,0,0
2022,2021030224,2022-05-24,,,4,1,1,1,0.0,0.0,0.0,0.0,0.0,141,0,0
2022,2021030244,2022-05-24,,,5,3,1,1,0.0,0.0,0.0,0.0,0.0,143,0,0
2022,2021030215,2022-05-25,,,0,0,0,1,0.0,0.0,0.0,0.0,0.0,145,0,0
2022,2021030235,2022-05-25,,,4,5,0,1,0.0,0.0,0.0,0.0,0.0,147,0,0
2022,2021030225,2022-05-26,,,3,1,1,1,0.0,0.0,0.0,0.0,0.0,149,0,0
2022,2021030245,2022-05-26,,,4,5,0,1,0.0,0.0,0.0,0.0,0.0,151,0,0
2022,2021030216,2022-05-27,,,0,0,0,1,0.0,0.0,0.0,0.0,0.0,153,0,0
2022,2021030236,2022-05-27,,,2,3,0,1,0.0,0.0,0.0,0.0,0.0,155,0,0
2022,2021030226,2022-05-28,,,5,2,1,1,0.0,0.0,0.0,0.0,0.0,157,0,0
2022,2021030246,2022-05-28,,,0,0,0,1,0.0,0.0,0.0,0.0,0.0,159,0,0
2022,2021030217,2022-05-29,,,0,0,0,1,0.0,0.0,0.0,0.0,0.0,161,0,0
2022,2021030237,2022-05-29,,,0,0,0,1,0.0,0.0,0.0,0.0,0.0,163,0,0
2022,2021030227,2022-05-30,,,2,6,0,1,0.0,0.0,0.0,0.0,0.0,165,0,0
2022,2021030247,2022-05-30,,,0,0,0,1,0.0,0.0,0.0,0.0,0.0,167,0,0
2022,2021030321,2022-05-31,,,8,6,1,1,0.0,0.0,0.0,0.0,0.0,169,0,0
2022,2021030311,2022-06-01,,,6,2,1,1,0.0,0.0,0.0,0.0,0.0,171,0,0
2022,2021030322,2022-06-02,,,4,0,1,1,0.0,0.0,0.0,0.0,0.0,173,0,0
2022,2021030312,2022-06-03,,,3,2,1,1,0.0,0.0,0.0,0.0,0.0,175,0,0
2022,2021030323,2022-06-04,,,2,4,0,1,0.0,0.0,0.0,0.0,0.0,177,0,0
2022,2021030313,2022-06-05,,,3,2,1,1,0.0,0.0,0.0,0.0,0.0,179,0,0
2022,2021030324,2022-06-06,,,5,6,0,1,0.0,0.0,0.0,0.0,0.0,181,0,0
2022,2021030314,2022-06-07,,,4,1,1,1,0.0,0.0,0.0,0.0,0.0,183,0,0
2022,2021030325,2022-06-08,,,0,0,0,1,0.0,0.0,0.0,0.0,0.0,185,0,0
2022,2021030315,2022-06-09,,,1,3,0,1,0.0,0.0,0.0,0.0,0.0,187,0,0
2022,2021030326,2022-06-10,,,0,0,0,1,0.0,0.0,0.0,0.0,0.0,189,0,0
2022,2021030316,2022-06-11,,,2,1,1,1,0.0,0.0,0.0,0.0,0.0,191,0,0
2022,2021030327,2022-06-12,,,0,0,0,1,0.0,0.0,0.0,0.0,0.0,193,0,0
2022,2021030317,2022-06-14,,,0,0,0,1,0.0,0.0,0.0,0.0,0.0,195,0,0
2022,2021030411,2022-06-15,,,4,3,1,1,0.0,0.0,0.0,0.0,0.0,197,0,0
2022,2021030412,2022-06-18,,,7,0,1,1,0.0,0.0,0.0,0.0,0.0,199,0,0
2022,2021030413,2022-06-20,,,6,2,1,1,0.0,0.0,0.0,0.0,0.0,201,0,0
2022,2021030414,2022-06-22,,,2,3,0,1,0.0,0.0,0.0,0.0,0.0,203,0,0
2022,2021030415,2022-06-24,,,2,3,0,1,0.0,0.0,0.0,0.0,0.0,205,0,0
2022,2021030416,2022-06-26,,,1,2,0,1,0.0,0.0,0.0,0.0,0.0,207,0,0
2022,2021030417,2022-06-28,,,0,0,0,1,0.0,0.0,0.0,0.0,0.0,209,0,0
2023,2022030111,2023-04-17,,,3,1,1,1,0.0,0.0,0.0,0.0,0.0,1,0,0
2023,2022030131,2023-04-17,,,2,1,1,1,0.0,0.0,0.0,0.0,0.0,3,0,0
2023,2022030161,2023-04-17,,,2,3,0,1,0.0,0.0,0.0,0.0,0.0,5,0,0
2023,2022030181,2023-04-17,,,3,4,0,1,0.0,0.0,0.0,0.0,0.0,7,0,1
2023,2022030121,2023-04-18,,,3,7,0,1,0.0,0.0,0.0,0.0,0.0,9,0,0
2023,2022030141,2023-04-18,,,1,5,0,1,0.0,0.0,0.0,0.0,0.0,11,0,0
2023,2022030151,2023-04-18,,,1,3,0,1,0.0,0.0,0.0,0.0,0.0,13,0,0
2023,2022030171,2023-04-18,,,1,5,0,1,0.0,0.0,0.0,0.0,0.0,15,0,0
2023,2022030112,2023-04-19,,,3,6,0,1,0.0,0.0,0.0,0.0,0.0,17,0,0
2023,2022030132,2023-04-19,,,4,3,1,1,0.0,0.0,0.0,0.0,0.0,19,0,0
2023,2022030162,2023-04-19,,,7,3,1,1,0.0,0.0,0.0,0.0,0.0,21,0,0
2023,2022030182,2023-04-19,,,4,2,1,1,0.0,0.0,0.0,0.0,0.0,23,0,0
2023,2022030122,2023-04-20,,,7,2,1,1,0.0,0.0,0.0,0.0,0.0,25,0,0
2023,2022030142,2023-04-20,,,1,5,0,1,0.0,0.0,0.0,0.0,0.0,27,0,0
2023,2022030152,2023-04-20,,,3,2,1,1,0.0,0.0,0.0,0.0,0.0,29,0,0
2023,2022030172,2023-04-20,,,5,2,1,1,0.0,0.0,0.0,0.0,0.0,31,0,0
2023,2022030113,2023-04-21,,,2,4,0,1,0.0,0.0,0.0,0.0,0.0,33,0,0
2023,2022030133,2023-04-21,,,5,1,1,1,0.0,0.0,0.0,0.0,0.0,35,0,0
2023,2022030163,2023-04-21,,,5,1,1,1,0.0,0.0,0.0,0.0,0.0,37,0,0
2023,2022030183,2023-04-21,,,3,2,1,1,0.0,0.0,0.0,0.0,0.0,39,0,0
2023,2022030123,2023-04-22,,,3,4,0,1,0.0,0.0,0.0,0.0,0.0,41,0,0
2023,2022030143,2023-04-22,,,1,2,0,1,0.0,0.0,0.0,0.0,0.0,43,0,0
2023,2022030153,2023-04-22,,,4,6,0,1,0.0,0.0,0.0,0.0,0.0,45,0,0
2023,2022030173,2023-04-22,,,4,5,0,1,0.0,0.0,0.0,0.0,0.0,47,0,0
2023,2022030114,2023-04-23,,,2,6,0,1,0.0,0.0,0.0,0.0,0.0,49,0,0
2023,2022030134,2023-04-23,,,2,5,0,1,0.0,0.0,0.0,0.0,0.0,51,0,0
2023,2022030164,2023-04-23,,,2,3,0,1,0.0,0.0,0.0,0.0,0.0,53,0,0
2023,2022030184,2023-04-23,,,4,5,0,1,0.0,0.0,0.0,0.0,0.0,55,0,0
2023,2022030124,2023-04-24,,,4,5,0,1,0.0,0.0,0.0,0.0,0.0,57,0,0
2023,2022030144,2023-04-24,,,1,3,0,1,0.0,0.0,0.0,0.0,0.0,59,0,0
2023,2022030154,2023-04-24,,,3,2,1,1,0.0,0.0,0.0,0.0,0.0,61,0,0
2023,2022030174,2023-04-24,,,2,4,0,1,0.0,0.0,0.0,0.0,0.0,63,0,0
2023,2022030135,2023-04-25,,,2,3,0,1,0.0,0.0,0.0,0.0,0.0,65,0,0
2023,2022030165,2023-04-25,,,4,0,1,1,0.0,0.0,0.0,0.0,0.0,67,0,0
2023,2022030185,2023-04-25,,,6,3,1,1,0.0,0.0,0.0,0.0,0.0,69,0,0
2023,2022030115,2023-04-26,,,3,4,0,1,0.0,0.0,0.0,0.0,0.0,71,0,0
2023,2022030155,2023-04-26,,,2,3,0,1,0.0,0.0,0.0,0.0,0.0,73,0,0
2023,2022030125,2023-04-27,,,2,4,0,1,0.0,0.0,0.0,0.0,0.0,75,0,0
2023,2022030145,2023-04-27,,,4,0,1,1,0.0,0.0,0.0,0.0,0.0,77,0,0
2023,2022030175,2023-04-27,,,4,1,1,1,0.0,0.0,0.0,0.0,0.0,79,0,0
2023,2022030116,2023-04-28,,,7,5,1,1,0.0,0.0,0.0,0.0,0.0,81,0,0
2023,2022030136,2023-04-28,,,1,2,0,1,0.0,0.0,0.0,0.0,0.0,83,0,0
2023,2022030156,2023-04-28,,,1,4,0,1,0.0,0.0,0.0,0.0,0.0,85,0,0
2023,2022030166,2023-04-28,,,1,4,0,1,0.0,0.0,0.0,0.0,0.0,87,0,0
2023,2022030126,2023-04-29,,,1,2,0,1,0.0,0.0,0.0,0.0,0.0,89,0,0
2023,2022030146,2023-04-29,,,5,2,1,1,0.0,0.0,0.0,0.0,0.0,91,0,0
2023,2022030176,2023-04-29,,,0,0,0,1,0.0,0.0,0.0,0.0,0.0,93,0,0
2023,2022030186,2023-04-29,,,4,5,0,1,0.0,0.0,0.0,0.0,0.0,95,0,0
2023,2022030117,2023-04-30,,,3,4,0,1,0.0,0.0,0.0,0.0,0.0,97,0,0
2023,2022030137,2023-04-30,,,0,0,0,1,0.0,0.0,0.0,0.0,0.0,99,0,0
2023,2022030157,2023-04-30,,,1,2,0,1,0.0,0.0,0.0,0.0,0.0,101,0,0
2023,2022030167,2023-04-30,,,0,0,0,1,0.0,0.0,0.0,0.0,0.0,103,0,0
2023,2022030127,2023-05-01,,,0,0,0,1,0.0,0.0,0.0,0.0,0.0,105,0,0
2023,2022030147,2023-05-01,,,4,0,1,1,0.0,0.0,0.0,0.0,0.0,107,0,0
2023,2022030177,2023-05-01,,,0,0,0,1,0.0,0.0,0.0,0.0,0.0,109,0,0
2023,2022030187,2023-05-01,,,0,0,0,1,0.0,0.0,0.0,0.0,0.0,111,0,0
2023,2022030211,2023-05-02,,,2,4,0,1,0.0,0.0,0.0,0.0,0.0,113,0,0
2023,2022030231,2023-05-02,,,4,5,0,1,0.0,0.0,0.0,0.0,0.0,115,0,0
2023,2022030221,2023-05-03,,,5,1,1,1,0.0,0.0,0.0,0.0,0.0,117,0,0
2023,2022030241,2023-05-03,,,6,4,1,1,0.0,0.0,0.0,0.0,0.0,119,0,0
2023,2022030212,2023-05-04,,,2,3,0,1,0.0,0.0,0.0,0.0,0.0,121,0,0
2023,2022030232,2023-05-04,,,4,2,1,1,0.0,0.0,0.0,0.0,0.0,123,0,0
2023,2022030222,2023-05-05,,,6,1,1,1,0.0,0.0,0.0,0.0,0.0,125,0,0
2023,2022030242,2023-05-06,,,1,5,0,1,0.0,0.0,0.0,0.0,0.0,127,0,0
2023,2022030213,2023-05-07,,,3,2,1,1,0.0,0.0,0.0,0.0,0.0,129,0,0
2023,2022030223,2023-05-07,,,8,4,1,1,0.0,0.0,0.0,0.0,0.0,131,0,0
2023,2022030233,2023-05-07,,,7,2,1,1,0.0,0.0,0.0,0.0,0.0,133,0,0
2023,2022030243,2023-05-08,,,1,5,0,1,0.0,0.0,0.0,0.0,0.0,135,0,0
2023,2022030224,2023-05-09,,,1,6,0,1,0.0,0.0,0.0,0.0,0.0,137,0,0
2023,2022030234,2023-05-09,,,3,6,0,1,0.0,0.0,0.0,0.0,0.0,139,0,0
2023,2022030214,2023-05-10,,,1,2,0,1,0.0,0.0,0.0,0.0,0.0,141,0,0
2023,2022030244,2023-05-10,,,4,1,1,1,0.0,0.0,0.0,0.0,0.0,143,0,0
2023,2022030225,2023-05-11,,,3,2,1,1,0.0,0.0,0.0,0.0,0.0,145,0,0
2023,2022030235,2023-05-11,,,5,2,1,1,0.0,0.0,0.0,0.0,0.0,147,0,0
2023,2022030215,2023-05-12,,,2,3,0,1,0.0,0.0,0.0,0.0,0.0,149,0,0
2023,2022030245,2023-05-12,,,4,3,1,1,0.0,0.0,0.0,0.0,0.0,151,0,0
2023,2022030226,2023-05-13,,,0,0,0,1,0.0,0.0,0.0,0.0,0.0,153,0,0
2023,2022030236,2023-05-13,,,6,3,1,1,0.0,0.0,0.0,0.0,0.0,155,0,0
2023,2022030216,2023-05-14,,,0,0,0,1,0.0,0.0,0.0,0.0,0.0,157,0,0
2023,2022030246,2023-05-14,,,2,5,0,1,0.0,0.0,0.0,0.0,0.0,159,0,0
2023,2022030227,2023-05-15,,,0,0,0,1,0.0,0.0,0.0,0.0,0.0,161,0,0
2023,2022030237,2023-05-15,,,2,1,1,1,0.0,0.0,0.0,0.0,0.0,163,0,0
2023,2022030217,2023-05-16,,,0,0,0,1,0.0,0.0,0.0,0.0,0.0,165,0,0
2023,2022030247,2023-05-16,,,0,0,0,1,0.0,0.0,0.0,0.0,0.0,167,0,0
2023,2022030311,2023-05-18,,,2,3,0,1,0.0,0.0,0.0,0.0,0.0,169,0,0
2023,2022030321,2023-05-19,,,4,3,1,1,0.0,0.0,0.0,0.0,0.0,171,0,0
2023,2022030312,2023-05-20,,,1,2,0,1,0.0,0.0,0.0,0.0,0.0,173,0,0
2023,2022030322,2023-05-21,,,3,2,1,1,0.0,0.0,0.0,0.0,0.0,175,0,0
2023,2022030313,2023-05-22,,,1,0,1,1,0.0,0.0,0.0,0.0,0.0,177,0,0
2023,2022030323,2023-05-23,,,0,4,0,1,0.0,0.0,0.0,0.0,0.0,179,0,0
2023,2022030314,2023-05-24,,,4,3,1,1,0.0,0.0,0.0,0.0,0.0,181,0,0
2023,2022030324,2023-05-25,,,3,2,1,1,0.0,0.0,0.0,0.0,0.0,183,0,0
2023,2022030315,2023-05-26,,,0,0,0,1,0.0,0.0,0.0,0.0,0.0,185,0,0
2023,2022030325,2023-05-27,,,2,4,0,1,0.0,0.0,0.0,0.0,0.0,187,0,0
2023,2022030316,2023-05-28,,,0,0,0,1,0.0,0.0,0.0,0.0,0.0,189,0,0
2023,2022030326,2023-05-29,,,0,6,0,1,0.0,0.0,0.0,0.0,0.0,191,0,0
2023,2022030317,2023-05-30,,,0,0,0,1,0.0,0.0,0.0,0.0,0.0,193,0,0
2023,2022030327,2023-05-31,,,0,0,0,1,0.0,0.0,0.0,0.0,0.0,195,0,0
2023,2022030411,2023-06-03,,,5,2,1,1,0.0,0.0,0.0,0.0,0.0,197,0,0
2023,2022030412,2023-06-05,,,7,2,1,1,0.0,0.0,0.0,0.0,0.0,199,0,0
2023,2022030413,2023-06-08,,,3,2,1,1,0.0,0.0,0.0,0.0,0.0,201,0,0
2023,2022030414,2023-06-10,,,2,3,0,1,0.0,0.0,0.0,0.0,0.0,203,0,0
2023,2022030415,2023-06-13,,,9,3,1,1,0.0,0.0,0.0,0.0,0.0,205,0,0
2023,2022030416,2023-06-16,,,0,0,0,1,0.0,0.0,0.0,0.0,0.0,207,0,0
2023,2022030417,2023-06-19,,,0,0,0,1,0.0,0.0,0.0,0.0,0.0,209,0,0
2024,2023030121,2024-04-20,,,5,1,1,1,0.0,0.0,0.0,0.0,0.0,1,0,0
2024,2023030141,2024-04-20,,,3,1,1,1,0.0,0.0,0.0,0.0,0.0,3,0,0
2024,2023030111,2024-04-21,,,3,2,1,1,0.0,0.0,0.0,0.0,0.0,5,0,0
2024,2023030131,2024-04-21,,,4,1,1,1,0.0,0.0,0.0,0.0,0.0,7,0,1
2024,2023030161,2024-04-21,,,7,6,1,1,0.0,0.0,0.0,0.0,0.0,9,0,0
2024,2023030171,2024-04-21,,,4,2,1,1,0.0,0.0,0.0,0.0,0.0,11,0,0
2024,2023030122,2024-04-22,,,2,3,0,1,0.0,0.0,0.0,0.0,0.0,13,0,0
2024,2023030142,2024-04-22,,,5,3,1,1,0.0,0.0,0.0,0.0,0.0,15,0,0
2024,2023030151,2024-04-22,,,3,4,0,1,0.0,0.0,0.0,0.0,0.0,17,0,0
2024,2023030181,2024-04-22,,,7,4,1,1,0.0,0.0,0.0,0.0,0.0,19,0,0
2024,2023030112,2024-04-23,,,3,2,1,1,0.0,0.0,0.0,0.0,0.0,21,0,0
2024,2023030132,2024-04-23,,,4,3,1,1,0.0,0.0,0.0,0.0,0.0,23,0,0
2024,2023030162,2024-04-23,,,2,5,0,1,0.0,0.0,0.0,0.0,0.0,25,0,0
2024,2023030172,2024-04-23,,,1,4,0,1,0.0,0.0,0.0,0.0,0.0,27,0,0
2024,2023030123,2024-04-24,,,2,4,0,1,0.0,0.0,0.0,0.0,0.0,29,0,0
2024,2023030152,2024-04-24,,,1,3,0,1,0.0,0.0,0.0,0.0,0.0,31,0,0
2024,2023030182,2024-04-24,,,4,5,0,1,0.0,0.0,0.0,0.0,0.0,33,0,0
2024,2023030113,2024-04-25,,,3,5,0,1,0.0,0.0,0.0,0.0,0.0,35,0,0
2024,2023030143,2024-04-25,,,2,3,0,1,0.0,0.0,0.0,0.0,0.0,37,0,0
2024,2023030133,2024-04-26,,,1,3,0,1,0.0,0.0,0.0,0.0,0.0,39,0,0
2024,2023030163,2024-04-26,,,6,2,1,1,0.0,0.0,0.0,0.0,0.0,41,0,0
2024,2023030173,2024-04-26,,,1,2,0,1,0.0,0.0,0.0,0.0,0.0,43,0,0
2024,2023030183,2024-04-26,,,1,6,0,1,0.0,0.0,0.0,0.0,0.0,45,0,0
2024,2023030114,2024-04-27,,,6,3,1,1,0.0,0.0,0.0,0.0,0.0,47,0,0
2024,2023030124,2024-04-27,,,1,3,0,1,0.0,0.0,0.0,0.0,0.0,49,0,0
2024,2023030144,2024-04-27,,,3,2,1,1,0.0,0.0,0.0,0.0,0.0,51,0,0
2024,2023030153,2024-04-27,,,2,3,0,1,0.0,0.0,0.0,0.0,0.0,53,0,0
2024,2023030134,2024-04-28,,,2,4,0,1,0.0,0.0,0.0,0.0,0.0,55,0,0
2024,2023030164,2024-04-28,,,5,1,1,1,0.0,0.0,0.0,0.0,0.0,57,0,0
2024,2023030174,2024-04-28,,,3,4,0,1,0.0,0.0,0.0,0.0,0.0,59,0,0
2024,2023030184,2024-04-28,,,0,1,0,1,0.0,0.0,0.0,0.0,0.0,61,0,0
2024,2023030115,2024-04-29,,,6,1,1,1,0.0,0.0,0.0,0.0,0.0,63,0,0
2024,2023030154,2024-04-29,,,2,4,0,1,0.0,0.0,0.0,0.0,0.0,65,0,0
2024,2023030125,2024-04-30,,,1,2,0,1,0.0,0.0,0.0,0.0,0.0,67,0,0
2024,2023030145,2024-04-30,,,6,3,1,1,0.0,0.0,0.0,0.0,0.0,69,0,0
2024,2023030165,2024-04-30,,,3,6,0,1,0.0,0.0,0.0,0.0,0.0,71,0,0
2024,2023030175,2024-04-30,,,1,2,0,1,0.0,0.0,0.0,0.0,0.0,73,0,0
2024,2023030116,2024-05-01,,,0,0,0,1,0.0,0.0,0.0,0.0,0.0,75,0,0
2024,2023030135,2024-05-01,,,0,0,0,1,0.0,0.0,0.0,0.0,0.0,77,0,0
2024,2023030155,2024-05-01,,,3,2,1,1,0.0,0.0,0.0,0.0,0.0,79,0,0
2024,2023030185,2024-05-01,,,4,3,1,1,0.0,0.0,0.0,0.0,0.0,81,0,0
2024,2023030126,2024-05-02,,,2,1,1,1,0.0,0.0,0.0,0.0,0.0,83,0,0
2024,2023030146,2024-05-02,,,0,0,0,1,0.0,0.0,0.0,0.0,0.0,85,0,0
2024,2023030166,2024-05-02,,,0,0,0,1,0.0,0.0,0.0,0.0,0.0,87,0,0
2024,2023030136,2024-05-03,,,0,0,0,1,0.0,0.0,0.0,0.0,0.0,89,0,0
2024,2023030156,2024-05-03,,,2,0,1,1,0.0,0.0,0.0,0.0,0.0,91,0,0
2024,2023030176,2024-05-03,,,0,1,0,1,0.0,0.0,0.0,0.0,0.0,93,0,0
2024,2023030186,2024-05-03,,,0,0,0,1,0.0,0.0,0.0,0.0,0.0,95,0,0
2024,2023030117,2024-05-04,,,0,0,0,1,0.0,0.0,0.0,0.0,0.0,97,0,0
2024,2023030127,2024-05-04,,,2,1,1,1,0.0,0.0,0.0,0.0,0.0,99,0,0
2024,2023030147,2024-05-04,,,0,0,0,1,0.0,0.0,0.0,0.0,0.0,101,0,0
2024,2023030167,2024-05-04,,,0,0,0,1,0.0,0.0,0.0,0.0,0.0,103,0,0
2024,2023030137,2024-05-05,,,0,0,0,1,0.0,0.0,0.0,0.0,0.0,105,0,0
2024,2023030157,2024-05-05,,,2,1,1,1,0.0,0.0,0.0,0.0,0.0,107,0,0
2024,2023030177,2024-05-05,,,0,0,0,1,0.0,0.0,0.0,0.0,0.0,109,0,0
2024,2023030187,2024-05-05,,,0,0,0,1,0.0,0.0,0.0,0.0,0.0,111,0,0
2024,2023030221,2024-05-05,,,4,3,1,1,0.0,0.0,0.0,0.0,0.0,113,0,0
2024,2023030211,2024-05-06,,,1,5,0,1,0.0,0.0,0.0,0.0,0.0,115,0,0
2024,2023030222,2024-05-07,,,4,3,1,1,0.0,0.0,0.0,0.0,0.0,117,0,0
2024,2023030231,2024-05-07,,,3,4,0,1,0.0,0.0,0.0,0.0,0.0,119,0,0
2024,2023030212,2024-05-08,,,6,1,1,1,0.0,0.0,0.0,0.0,0.0,121,0,0
2024,2023030241,2024-05-08,,,5,4,1,1,0.0,0.0,0.0,0.0,0.0,123,0,0
2024,2023030223,2024-05-09,,,2,3,0,1,0.0,0.0,0.0,0.0,0.0,125,0,0
2024,2023030232,2024-05-09,,,5,3,1,1,0.0,0.0,0.0,0.0,0.0,127,0,0
2024,2023030213,2024-05-10,,,2,6,0,1,0.0,0.0,0.0,0.0,0.0,129,0,0
2024,2023030242,2024-05-10,,,3,4,0,1,0.0,0.0,0.0,0.0,0.0,131,0,0
2024,2023030224,2024-05-11,,,4,3,1,1,0.0,0.0,0.0,0.0,0.0,133,0,0
2024,2023030233,2024-05-11,,,1,4,0,1,0.0,0.0,0.0,0.0,0.0,135,0,0
2024,2023030214,2024-05-12,,,2,3,0,1,0.0,0.0,0.0,0.0,0.0,137,0,0
2024,2023030243,2024-05-12,,,3,4,0,1,0.0,0.0,0.0,0.0,0.0,139,0,0
2024,2023030225,2024-05-13,,,1,4,0,1,0.0,0.0,0.0,0.0,0.0,141,0,0
2024,2023030234,2024-05-13,,,1,5,0,1,0.0,0.0,0.0,0.0,0.0,143,0,0
2024,2023030215,2024-05-14,,,1,2,0,1,0.0,0.0,0.0,0.0,0.0,145,0,0
2024,2023030244,2024-05-14,,,3,2,1,1,0.0,0.0,0.0,0.0,0.0,147,0,0
2024,2023030235,2024-05-15,,,3,5,0,1,0.0,0.0,0.0,0.0,0.0,149,0,0
2024,2023030226,2024-05-16,,,3,5,0,1,0.0,0.0,0.0,0.0,0.0,151,0,0
2024,2023030245,2024-05-16,,,3,2,1,1,0.0,0.0,0.0,0.0,0.0,153,0,0
2024,2023030216,2024-05-17,,,1,2,0,1,0.0,0.0,0.0,0.0,0.0,155,0,0
2024,2023030236,2024-05-17,,,1,2,0,1,0.0,0.0,0.0,0.0,0.0,157,0,0
2024,2023030227,2024-05-18,,,0,0,0,1,0.0,0.0,0.0,0.0,0.0,159,0,0
2024,2023030246,2024-05-18,,,5,1,1,1,0.0,0.0,0.0,0.0,0.0,161,0,0
2024,2023030217,2024-05-19,,,0,0,0,1,0.0,0.0,0.0,0.0,0.0,163,0,0
2024,2023030237,2024-05-19,,,0,0,0,1,0.0,0.0,0.0,0.0,0.0,165,0,0
2024,2023030247,2024-05-20,,,2,3,0,1,0.0,0.0,0.0,0.0,0.0,167,0,0
2024,2023030311,2024-05-22,,,0,3,0,1,0.0,0.0,0.0,0.0,0.0,169,0,0
2024,2023030321,2024-05-23,,,2,3,0,1,0.0,0.0,0.0,0.0,0.0,171,0,0
2024,2023030312,2024-05-24,,,2,1,1,1,0.0,0.0,0.0,0.0,0.0,173,0,0
2024,2023030322,2024-05-25,,,3,1,1,1,0.0,0.0,0.0,0.0,0.0,175,0,0
2024,2023030313,2024-05-26,,,4,5,0,1,0.0,0.0,0.0,0.0,0.0,177,0,0
2024,2023030323,2024-05-27,,,3,5,0,1,0.0,0.0,0.0,0.0,0.0,179,0,0
2024,2023030314,2024-05-28,,,3,2,1,1,0.0,0.0,0.0,0.0,0.0,181,0,0
2024,2023030324,2024-05-29,,,5,2,1,1,0.0,0.0,0.0,0.0,0.0,183,0,0
2024,2023030315,2024-05-30,,,2,3,0,1,0.0,0.0,0.0,0.0,0.0,185,0,0
2024,2023030325,2024-05-31,,,1,3,0,1,0.0,0.0,0.0,0.0,0.0,187,0,0
2024,2023030316,2024-06-01,,,2,1,1,1,0.0,0.0,0.0,0.0,0.0,189,0,0
2024,2023030326,2024-06-02,,,2,1,1,1,0.0,0.0,0.0,0.0,0.0,191,0,0
2024,2023030317,2024-06-03,,,0,0,0,1,0.0,0.0,0.0,0.0,0.0,193,0,0
2024,2023030327,2024-06-04,,,0,0,0,1,0.0,0.0,0.0,0.0,0.0,195,0,0
2024,2023030411,2024-06-08,,,3,0,1,1,0.0,0.0,0.0,0.0,0.0,197,0,0
2024,2023030412,2024-06-10,,,4,1,1,1,0.0,0.0,0.0,0.0,0.0,199,0,0
2024,2023030413,2024-06-13,,,3,4,0,1,0.0,0.0,0.0,0.0,0.0,201,0,0
2024,2023030414,2024-06-15,,,8,1,1,1,0.0,0.0,0.0,0.0,0.0,203,0,0
2024,2023030415,2024-06-18,,,3,5,0,1,0.0,0.0,0.0,0.0,0.0,205,0,0
2024,2023030416,2024-06-21,,,5,1,1,1,0.0,0.0,0.0,0.0,0.0,207,0,0
2024,2023030417,2024-06-24,,,2,1,1,1,0.0,0.0,0.0,0.0,0.0,209,0,0
2025,2024030151,2025-04-19,,,5,3,1,1,0.0,0.0,0.0,0.0,0.0,1,0,0
2025,2024030161,2025-04-19,,,1,5,0,1,0.0,0.0,0.0,0.0,0.0,3,0,0
2025,2024030111,2025-04-20,,,6,2,1,1,0.0,0.0,0.0,0.0,0.0,5,0,0
2025,2024030141,2025-04-20,,,4,1,1,1,0.0,0.0,0.0,0.0,0.0,7,0,1
2025,2024030171,2025-04-20,,,4,2,1,1,0.0,0.0,0.0,0.0,0.0,9,0,0
2025,2024030131,2025-04-21,,,3,2,1,1,0.0,0.0,0.0,0.0,0.0,11,0,0
2025,2024030152,2025-04-21,,,2,1,1,1,0.0,0.0,0.0,0.0,0.0,13,0,0
2025,2024030162,2025-04-21,,,4,3,1,1,0.0,0.0,0.0,0.0,0.0,15,0,0
2025,2024030181,2025-04-21,,,6,5,1,1,0.0,0.0,0.0,0.0,0.0,17,0,0
2025,2024030112,2025-04-22,,,3,2,1,1,0.0,0.0,0.0,0.0,0.0,19,0,0
2025,2024030121,2025-04-22,,,2,6,0,1,0.0,0.0,0.0,0.0,0.0,21,0,0
2025,2024030142,2025-04-22,,,3,1,1,1,0.0,0.0,0.0,0.0,0.0,23,0,0
2025,2024030172,2025-04-22,,,2,5,0,1,0.0,0.0,0.0,0.0,0.0,25,0,0
2025,2024030132,2025-04-23,,,3,1,1,1,0.0,0.0,0.0,0.0,0.0,27,0,0
2025,2024030163,2025-04-23,,,1,2,0,1,0.0,0.0,0.0,0.0,0.0,29,0,0
2025,2024030182,2025-04-23,,,6,2,1,1,0.0,0.0,0.0,0.0,0.0,31,0,0
2025,2024030113,2025-04-24,,,2,3,0,1,0.0,0.0,0.0,0.0,0.0,33,0,0
2025,2024030122,2025-04-24,,,0,2,0,1,0.0,0.0,0.0,0.0,0.0,35,0,0
2025,2024030153,2025-04-24,,,7,2,1,1,0.0,0.0,0.0,0.0,0.0,37,0,0
2025,2024030173,2025-04-24,,,5,2,1,1,0.0,0.0,0.0,0.0,0.0,39,0,0
2025,2024030133,2025-04-25,,,6,3,1,1,0.0,0.0,0.0,0.0,0.0,41,0,0
2025,2024030143,2025-04-25,,,3,2,1,1,0.0,0.0,0.0,0.0,0.0,43,0,0
2025,2024030183,2025-04-25,,,7,4,1,1,0.0,0.0,0.0,0.0,0.0,45,0,0
2025,2024030114,2025-04-26,,,4,3,1,1,0.0,0.0,0.0,0.0,0.0,47,0,0
2025,2024030123,2025-04-26,,,1,5,0,1,0.0,0.0,0.0,0.0,0.0,49,0,0
2025,2024030164,2025-04-26,,,4,0,1,1,0.0,0.0,0.0,0.0,0.0,51,0,0
2025,2024030174,2025-04-26,,,3,4,0,1,0.0,0.0,0.0,0.0,0.0,53,0,0
2025,2024030134,2025-04-27,,,2,5,0,1,0.0,0.0,0.0,0.0,0.0,55,0,0
2025,2024030144,2025-04-27,,,2,5,0,1,0.0,0.0,0.0,0.0,0.0,57,0,0
2025,2024030154,2025-04-27,,,5,1,1,1,0.0,0.0,0.0,0.0,0.0,59,0,0
2025,2024030184,2025-04-27,,,4,3,1,1,0.0,0.0,0.0,0.0,0.0,61,0,0
2025,2024030124,2025-04-28,,,4,2,1,1,0.0,0.0,0.0,0.0,0.0,63,0,0
2025,2024030165,2025-04-28,,,6,2,1,1,0.0,0.0,0.0,0.0,0.0,65,0,0
2025,2024030115,2025-04-29,,,0,4,0,1,0.0,0.0,0.0,0.0,0.0,67,0,0
2025,2024030145,2025-04-29,,,5,4,1,1,0.0,0.0,0.0,0.0,0.0,69,0,0
2025,2024030175,2025-04-29,,,3,2,1,1,0.0,0.0,0.0,0.0,0.0,71,0,0
2025,2024030185,2025-04-29,,,1,3,0,1,0.0,0.0,0.0,0.0,0.0,73,0,0
2025,2024030125,2025-04-30,,,3,6,0,1,0.0,0.0,0.0,0.0,0.0,75,0,0
2025,2024030135,2025-04-30,,,4,1,1,1,0.0,0.0,0.0,0.0,0.0,77,0,0
2025,2024030155,2025-04-30,,,5,3,1,1,0.0,0.0,0.0,0.0,0.0,79,0,0
2025,2024030116,2025-05-01,,,2,4,0,1,0.0,0.0,0.0,0.0,0.0,81,0,0
2025,2024030166,2025-05-01,,,7,4,1,1,0.0,0.0,0.0,0.0,0.0,83,0,0
2025,2024030176,2025-05-01,,,2,3,0,1,0.0,0.0,0.0,0.0,0.0,85,0,0
2025,2024030186,2025-05-01,,,6,4,1,1,0.0,0.0,0.0,0.0,0.0,87,0,0
2025,2024030126,2025-05-02,,,0,0,0,1,0.0,0.0,0.0,0.0,0.0,89,0,0
2025,2024030136,2025-05-02,,,0,0,0,1,0.0,0.0,0.0,0.0,0.0,91,0,0
2025,2024030146,2025-05-02,,,0,0,0,1,0.0,0.0,0.0,0.0,0.0,93,0,0
2025,2024030156,2025-05-02,,,5,2,1,1,0.0,0.0,0.0,0.0,0.0,95,0,0
2025,2024030117,2025-05-03,,,0,0,0,1,0.0,0.0,0.0,0.0,0.0,97,0,0
2025,2024030167,2025-05-03,,,4,2,1,1,0.0,0.0,0.0,0.0,0.0,99,0,0
2025,2024030177,2025-05-03,,,0,0,0,1,0.0,0.0,0.0,0.0,0.0,101,0,0
2025,2024030187,2025-05-03,,,0,0,0,1,0.0,0.0,0.0,0.0,0.0,103,0,0
2025,2024030127,2025-05-04,,,0,0,0,1,0.0,0.0,0.0,0.0,0.0,105,0,0
2025,2024030137,2025-05-04,,,0,0,0,1,0.0,0.0,0.0,0.0,0.0,107,0,0
2025,2024030147,2025-05-04,,,0,0,0,1,0.0,0.0,0.0,0.0,0.0,109,0,0
2025,2024030157,2025-05-04,,,4,3,1,1,0.0,0.0,0.0,0.0,0.0,111,0,0
2025,2024030211,2025-05-05,,,5,4,1,1,0.0,0.0,0.0,0.0,0.0,113,0,0
2025,2024030221,2025-05-06,,,1,2,0,1,0.0,0.0,0.0,0.0,0.0,115,0,0
2025,2024030241,2025-05-06,,,2,4,0,1,0.0,0.0,0.0,0.0,0.0,117,0,0
2025,2024030212,2025-05-07,,,4,3,1,1,0.0,0.0,0.0,0.0,0.0,119,0,0
2025,2024030231,2025-05-07,,,2,3,0,1,0.0,0.0,0.0,0.0,0.0,121,0,0
2025,2024030222,2025-05-08,,,3,1,1,1,0.0,0.0,0.0,0.0,0.0,123,0,0
2025,2024030242,2025-05-08,,,4,5,0,1,0.0,0.0,0.0,0.0,0.0,125,0,0
2025,2024030213,2025-05-09,,,5,4,1,1,0.0,0.0,0.0,0.0,0.0,127,0,0
2025,2024030232,2025-05-09,,,4,0,1,1,0.0,0.0,0.0,0.0,0.0,129,0,0
2025,2024030223,2025-05-10,,,4,0,1,1,0.0,0.0,0.0,0.0,0.0,131,0,0
2025,2024030243,2025-05-10,,,3,4,0,1,0.0,0.0,0.0,0.0,0.0,133,0,0
2025,2024030214,2025-05-11,,,2,0,1,1,0.0,0.0,0.0,0.0,0.0,135,0,0
2025,2024030233,2025-05-11,,,5,2,1,1,0.0,0.0,0.0,0.0,0.0,137,0,0
2025,2024030224,2025-05-12,,,5,2,1,1,0.0,0.0,0.0,0.0,0.0,139,0,0
2025,2024030244,2025-05-12,,,3,0,1,1,0.0,0.0,0.0,0.0,0.0,141,0,0
2025,2024030234,2025-05-13,,,3,1,1,1,0.0,0.0,0.0,0.0,0.0,143,0,0
2025,2024030215,2025-05-14,,,1,6,0,1,0.0,0.0,0.0,0.0,0.0,145,0,0
2025,2024030245,2025-05-14,,,0,1,0,1,0.0,0.0,0.0,0.0,0.0,147,0,0
2025,2024030225,2025-05-15,,,1,3,0,1,0.0,0.0,0.0,0.0,0.0,149,0,0
2025,2024030235,2025-05-15,,,4,0,1,1,0.0,0.0,0.0,0.0,0.0,151,0,0
2025,2024030216,2025-05-16,,,0,2,0,1,0.0,0.0,0.0,0.0,0.0,153,0,0
2025,2024030246,2025-05-16,,,0,0,0,1,0.0,0.0,0.0,0.0,0.0,155,0,0
2025,2024030226,2025-05-17,,,0,0,0,1,0.0,0.0,0.0,0.0,0.0,157,0,0
2025,2024030236,2025-05-17,,,2,1,1,1,0.0,0.0,0.0,0.0,0.0,159,0,0
2025,2024030217,2025-05-18,,,1,6,0,1,0.0,0.0,0.0,0.0,0.0,161,0,0
2025,2024030247,2025-05-18,,,0,0,0,1,0.0,0.0,0.0,0.0,0.0,163,0,0
2025,2024030227,2025-05-19,,,0,0,0,1,0.0,0.0,0.0,0.0,0.0,165,0,0
2025,2024030237,2025-05-19,,,0,0,0,1,0.0,0.0,0.0,0.0,0.0,167,0,0
2025,2024030311,2025-05-20,,,2,5,0,1,0.0,0.0,0.0,0.0,0.0,169,0,0
2025,2024030321,2025-05-21,,,6,3,1,1,0.0,0.0,0.0,0.0,0.0,171,0,0
2025,2024030312,2025-05-22,,,0,5,0,1,0.0,0.0,0.0,0.0,0.0,173,0,0
2025,2024030322,2025-05-23,,,0,3,0,1,0.0,0.0,0.0,0.0,0.0,175,0,0
2025,2024030313,2025-05-24,,,6,2,1,1,0.0,0.0,0.0,0.0,0.0,177,0,0
2025,2024030323,2025-05-25,,,6,1,1,1,0.0,0.0,0.0,0.0,0.0,179,0,0
2025,2024030314,2025-05-26,,,0,3,0,1,0.0,0.0,0.0,0.0,0.0,181,0,0
2025,2024030324,2025-05-27,,,4,1,1,1,0.0,0.0,0.0,0.0,0.0,183,0,0
2025,2024030315,2025-05-28,,,3,5,0,1,0.0,0.0,0.0,0.0,0.0,185,0,0
2025,2024030325,2025-05-29,,,3,6,0,1,0.0,0.0,0.0,0.0,0.0,187,0,0
2025,2024030316,2025-05-30,,,0,0,0,1,0.0,0.0,0.0,0.0,0.0,189,0,0
2025,2024030326,2025-05-31,,,0,0,0,1,0.0,0.0,0.0,0.0,0.0,191,0,0
2025,2024030317,2025-06-01,,,0,0,0,1,0.0,0.0,0.0,0.0,0.0,193,0,0
2025,2024030327,2025-06-02,,,0,0,0,1,0.0,0.0,0.0,0.0,0.0,195,0,0
2025,2024030411,2025-06-04,,,4,3,1,1,0.0,0.0,0.0,0.0,0.0,197,0,0
2025,2024030412,2025-06-06,,,4,5,0,1,0.0,0.0,0.0,0.0,0.0,199,0,0
2025,2024030413,2025-06-09,,,6,1,1,1,0.0,0.0,0.0,0.0,0.0,201,0,0
2025,2024030414,2025-06-12,,,4,5,0,1,0.0,0.0,0.0,0.0,0.0,203,0,0
2025,2024030415,2025-06-14,,,2,5,0,1,0.0,0.0,0.0,0.0,0.0,205,0,0
2025,2024030416,2025-06-17,,,5,1,1,1,0.0,0.0,0.0,0.0,0.0,207,0,0
2025,2024030417,2025-06-20,,,0,0,0,1,0.0,0.0,0.0,0.0,0.0,209,0,0
